[
  {
    "model": "authentication.client",
    "pk": 1,
    "fields": {
      "user": 2,
      "birthday": "1999-04-03"
    }
  },
  {
    "model": "authentication.client",
    "pk": 2,
    "fields": {
      "user": 12,
      "birthday": "1999-04-04"
    }
  },
  {
    "model": "authentication.client",
    "pk": 3,
    "fields": {
      "user": 13,
      "birthday": "1999-04-05"
    }
  },
  {
    "model": "authentication.client",
    "pk": 4,
    "fields": {
      "user": 14,
      "birthday": "1999-04-06"
    }
  },
  {
    "model": "authentication.client",
    "pk": 5,
    "fields": {
      "user": 15,
      "birthday": "1999-04-07"
    }
  },
  {
    "model": "authentication.client",
    "pk": 6,
    "fields": {
      "user": 16,
      "birthday": "1999-04-08"
    }
  },
  {
    "model": "authentication.client",
    "pk": 7,
    "fields": {
      "user": 17,
      "birthday": "1999-04-09"
    }
  },
  {
    "model": "authentication.client",
    "pk": 8,
    "fields": {
      "user": 18,
      "birthday": "1999-04-10"
    }
  },
  {
    "model": "authentication.client",
    "pk": 9,
    "fields": {
      "user": 19,
      "birthday": "1999-04-11"
    }
  },
  {
    "model": "authentication.client",
    "pk": 10,
    "fields": {
      "user": 20,
      "birthday": "1999-04-12"
    }
  },
  {
    "model": "authentication.client",
    "pk": 11,
    "fields": {
      "user": 21,
      "birthday": "1999-04-13"
    }
  },
  {
    "model": "authentication.client",
    "pk": 12,
    "fields": {
      "user": 22,
      "birthday": "1999-04-14"
    }
  },
  {
    "model": "authentication.client",
    "pk": 13,
    "fields": {
      "user": 23,
      "birthday": "1999-04-15"
    }
  },
  {
    "model": "authentication.client",
    "pk": 14,
    "fields": {
      "user": 24,
      "birthday": "1999-04-16"
    }
  },
  {
    "model": "authentication.client",
    "pk": 15,
    "fields": {
      "user": 25,
      "birthday": "1999-04-17"
    }
  },
  {
    "model": "authentication.client",
    "pk": 16,
    "fields": {
      "user": 26,
      "birthday": "1999-04-18"
    }
  },
  {
    "model": "authentication.client",
    "pk": 17,
    "fields": {
      "user": 27,
      "birthday": "1999-04-19"
    }
  },
  {
    "model": "authentication.client",
    "pk": 18,
    "fields": {
      "user": 28,
      "birthday": "1999-04-20"
    }
  },
  {
    "model": "authentication.client",
    "pk": 19,
    "fields": {
      "user": 29,
      "birthday": "1999-04-21"
    }
  },
  {
    "model": "authentication.client",
    "pk": 20,
    "fields": {
      "user": 30,
      "birthday": "1999-04-22"
    }
  },
  {
    "model": "authentication.client",
    "pk": 21,
    "fields": {
      "user": 31,
      "birthday": "1999-04-23"
    }
  },
  {
    "model": "authentication.client",
    "pk": 22,
    "fields": {
      "user": 32,
      "birthday": "1999-04-24"
    }
  },
  {
    "model": "authentication.client",
    "pk": 23,
    "fields": {
      "user": 33,
      "birthday": "1999-04-25"
    }
  },
  {
    "model": "authentication.client",
    "pk": 24,
    "fields": {
      "user": 34,
      "birthday": "1999-04-26"
    }
  },
  {
    "model": "authentication.client",
    "pk": 25,
    "fields": {
      "user": 35,
      "birthday": "1999-04-27"
    }
  },
  {
    "model": "authentication.client",
    "pk": 26,
    "fields": {
      "user": 36,
      "birthday": "1999-04-28"
    }
  },
  {
    "model": "authentication.client",
    "pk": 27,
    "fields": {
      "user": 37,
      "birthday": "1999-04-29"
    }
  },
  {
    "model": "authentication.client",
    "pk": 28,
    "fields": {
      "user": 38,
      "birthday": "1999-04-30"
    }
  },
  {
    "model": "authentication.client",
    "pk": 29,
    "fields": {
      "user": 39,
      "birthday": "1999-05-01"
    }
  },
  {
    "model": "authentication.client",
    "pk": 30,
    "fields": {
      "user": 40,
      "birthday": "1999-05-02"
    }
  },
  {
    "model": "authentication.client",
    "pk": 31,
    "fields": {
      "user": 41,
      "birthday": "1999-05-03"
    }
  },
  {
    "model": "authentication.client",
    "pk": 32,
    "fields": {
      "user": 42,
      "birthday": "1999-05-04"
    }
  },
  {
    "model": "authentication.client",
    "pk": 33,
    "fields": {
      "user": 43,
      "birthday": "1999-05-05"
    }
  },
  {
    "model": "authentication.client",
    "pk": 34,
    "fields": {
      "user": 44,
      "birthday": "1999-05-06"
    }
  },
  {
    "model": "authentication.client",
    "pk": 35,
    "fields": {
      "user": 45,
      "birthday": "1999-05-07"
    }
  },
  {
    "model": "authentication.owner",
    "pk": 1,
    "fields": {
      "user": 3,
      "phone": 111111111
    }
  },
  {
    "model": "authentication.owner",
    "pk": 2,
    "fields": {
      "user": 4,
      "phone": 222222222
    }
  },
  {
    "model": "authentication.owner",
    "pk": 3,
    "fields": {
      "user": 5,
      "phone": 333333333
    }
  },
  {
    "model": "authentication.owner",
    "pk": 4,
    "fields": {
      "user": 6,
      "phone": 444444444
    }
  },
  {
    "model": "authentication.owner",
    "pk": 5,
    "fields": {
      "user": 7,
      "phone": 555555555
    }
  },
  {
    "model": "authentication.owner",
    "pk": 6,
    "fields": {
      "user": 8,
      "phone": 666666666
    }
  },
  {
    "model": "authentication.owner",
    "pk": 7,
    "fields": {
      "user": 9,
      "phone": 777777777
    }
  },
  {
    "model": "authentication.owner",
    "pk": 8,
    "fields": {
      "user": 10,
      "phone": 888888888
    }
  },
  {
    "model": "authentication.owner",
    "pk": 9,
    "fields": {
      "user": 11,
      "phone": 999999999
    }
  },
  {
    "model": "auth.user",
    "pk": 1,
    "fields": {
      "password": "pbkdf2_sha256$216000$VxFUW4lmdc1b$vAsBbHh0W4Nbvnwqua0huX6Ur5nBxqccE5eOOpRSLrg=",
      "last_login": "2021-04-03T13:43:34.416Z",
      "is_superuser": true,
      "username": "admin",
      "first_name": "",
      "last_name": "",
      "email": "",
      "is_staff": true,
      "is_active": true,
      "date_joined": "2021-04-03T13:43:08.910Z",
      "groups": [],
      "user_permissions": []
    }
  },
  {
    "model": "auth.user",
    "pk": 2,
    "fields": {
      "password": "pbkdf2_sha256$216000$TkJDnCNOeJ0N$2mqaQo2c0OxblqUFcIAph6EoTPUUO6hyTqJ88quuYm4=",
      "last_login": null,
      "is_superuser": false,
      "username": "client1@gmail.com",
      "first_name": "",
      "last_name": "",
      "email": "",
      "is_staff": false,
      "is_active": true,
      "date_joined": "2021-04-03T13:43:56.136Z",
      "groups": [],
      "user_permissions": []
    }
  },
  {
    "model": "auth.user",
    "pk": 3,
    "fields": {
      "password": "pbkdf2_sha256$216000$UWX5mNU4PQfl$CDSKXM9QUfwY7n4cRxZxCzxfC/LwIWmujwDkle4oCqU=",
      "last_login": null,
      "is_superuser": false,
      "username": "owner1@gmail.com",
      "first_name": "",
      "last_name": "",
      "email": "",
      "is_staff": false,
      "is_active": true,
      "date_joined": "2021-04-03T13:44:32.066Z",
      "groups": [],
      "user_permissions": []
    }
  },
  {
    "model": "auth.user",
    "pk": 4,
    "fields": {
      "password": "pbkdf2_sha256$216000$h3UumRXfLKNt$1i6K0xkrmamCcORXTUqFh6Z2axDL/EUAY49fPVH0SdA=",
      "last_login": null,
      "is_superuser": false,
      "username": "jesangar@gmail.com",
      "first_name": "",
      "last_name": "",
      "email": "",
      "is_staff": false,
      "is_active": true,
      "date_joined": "2021-04-03T13:46:36Z",
      "groups": [],
      "user_permissions": []
    }
  },
  {
    "model": "auth.user",
    "pk": 5,
    "fields": {
      "password": "pbkdf2_sha256$216000$sVWfepn0Ms4x$dTDKCcksOq2rE0XIkWT2SUSZVErQpDUK+p9u62ZrPHk=",
      "last_login": null,
      "is_superuser": false,
      "username": "aleromgis@gmail.com",
      "first_name": "",
      "last_name": "",
      "email": "",
      "is_staff": false,
      "is_active": true,
      "date_joined": "2021-04-03T13:49:15.222Z",
      "groups": [],
      "user_permissions": []
    }
  },
  {
    "model": "auth.user",
    "pk": 6,
    "fields": {
      "password": "pbkdf2_sha256$216000$JbSmDFaNiDBz$pOMEQbKMNmZztqg6kK8B3pX2Q9XORY78Eq9hgKxFve0=",
      "last_login": null,
      "is_superuser": false,
      "username": "adrimedagu@gmail.com",
      "first_name": "",
      "last_name": "",
      "email": "",
      "is_staff": false,
      "is_active": true,
      "date_joined": "2021-04-03T13:55:02.707Z",
      "groups": [],
      "user_permissions": []
    }
  },
  {
    "model": "auth.user",
    "pk": 7,
    "fields": {
      "password": "pbkdf2_sha256$216000$Hv29HmIy3qi6$LusLVu4DPzA08gZoA+nPjkgT0z3aUFooNPlpdYGW/K8=",
      "last_login": null,
      "is_superuser": false,
      "username": "jaical@gmail.com",
      "first_name": "",
      "last_name": "",
      "email": "",
      "is_staff": false,
      "is_active": true,
      "date_joined": "2021-04-03T13:56:02.262Z",
      "groups": [],
      "user_permissions": []
    }
  },
  {
    "model": "auth.user",
    "pk": 8,
    "fields": {
      "password": "pbkdf2_sha256$216000$F9BEJ7mkwz6m$FGuEgmIT8J6qNvTQ3AcDAUoN+RxBgbf/8BlIDTcGYZo=",
      "last_login": null,
      "is_superuser": false,
      "username": "josrod@gmail.com",
      "first_name": "",
      "last_name": "",
      "email": "",
      "is_staff": false,
      "is_active": true,
      "date_joined": "2021-04-03T14:36:51.540Z",
      "groups": [],
      "user_permissions": []
    }
  },
  {
    "model": "auth.user",
    "pk": 9,
    "fields": {
      "password": "pbkdf2_sha256$216000$zxxyJAQyHjUd$XiM9qDPTBZJ9FHLhuB12NbLPj8RP3W7Uv/5c2POZuIU=",
      "last_login": null,
      "is_superuser": false,
      "username": "miggar@gmail.com",
      "first_name": "",
      "last_name": "",
      "email": "",
      "is_staff": false,
      "is_active": true,
      "date_joined": "2021-04-03T14:37:10.990Z",
      "groups": [],
      "user_permissions": []
    }
  },
  {
    "model": "auth.user",
    "pk": 10,
    "fields": {
      "password": "pbkdf2_sha256$216000$5ivedzkLPfvn$P1qCtGBUUKk9QDiQkKEmghvGXlvmtjCtc6HSY0uLRFI=",
      "last_login": null,
      "is_superuser": false,
      "username": "chrgongom@gmail.com",
      "first_name": "",
      "last_name": "",
      "email": "",
      "is_staff": false,
      "is_active": true,
      "date_joined": "2021-04-03T14:37:32.120Z",
      "groups": [],
      "user_permissions": []
    }
  },
  {
    "model": "auth.user",
    "pk": 11,
    "fields": {
      "password": "pbkdf2_sha256$216000$7eLenDrKQY0E$qPnbajp6lkKbsT1raZ3AJurhtfl20GMHzX4brcc9yR8=",
      "last_login": null,
      "is_superuser": false,
      "username": "julgonantvil@gmail.com",
      "first_name": "",
      "last_name": "",
      "email": "",
      "is_staff": false,
      "is_active": true,
      "date_joined": "2021-04-03T14:37:50.610Z",
      "groups": [],
      "user_permissions": []
    }
  },
  {
    "model": "auth.user",
    "pk": 12,
    "fields": {
      "password": "pbkdf2_sha256$216000$kLwKrSVDtZj6$IKJF6qLqyoD4pX5bdfJzCw9Qq/kn32ZgbK4L73IUvgU=",
      "last_login": null,
      "is_superuser": false,
      "username": "frajosdorval@gmail.com",
      "first_name": "",
      "last_name": "",
      "email": "",
      "is_staff": false,
      "is_active": true,
      "date_joined": "2021-04-03T14:47:17.075Z",
      "groups": [],
      "user_permissions": []
    }
  },
  {
    "model": "auth.user",
    "pk": 13,
    "fields": {
      "password": "pbkdf2_sha256$216000$0GJAZSVNVYrQ$kCarOhXwqk9++2hupUySDd+9UCeGKVJ/w8mRqu+xSpM=",
      "last_login": null,
      "is_superuser": false,
      "username": "framancorve@gmail.com",
      "first_name": "",
      "last_name": "",
      "email": "",
      "is_staff": false,
      "is_active": true,
      "date_joined": "2021-04-03T14:47:45.460Z",
      "groups": [],
      "user_permissions": []
    }
  },
  {
    "model": "auth.user",
    "pk": 14,
    "fields": {
      "password": "pbkdf2_sha256$216000$FZDF1krBeVao$lkmcFf3SrOsOcqmHlDIPnlSGd9mtx7IUUgfuFy0EbU4=",
      "last_login": null,
      "is_superuser": false,
      "username": "jomagilram@gmail.com",
      "first_name": "",
      "last_name": "",
      "email": "",
      "is_staff": false,
      "is_active": true,
      "date_joined": "2021-04-03T14:48:05.413Z",
      "groups": [],
      "user_permissions": []
    }
  },
  {
    "model": "auth.user",
    "pk": 15,
    "fields": {
      "password": "pbkdf2_sha256$216000$1C4QTUUYOXdg$U6qSJiHUdqXuYYpg3kU7blzRylz6HBi+D2sjQWn5Fps=",
      "last_login": null,
      "is_superuser": false,
      "username": "sebgonlin@gmail.com",
      "first_name": "",
      "last_name": "",
      "email": "",
      "is_staff": false,
      "is_active": true,
      "date_joined": "2021-04-03T14:48:28.540Z",
      "groups": [],
      "user_permissions": []
    }
  },
  {
    "model": "auth.user",
    "pk": 16,
    "fields": {
      "password": "pbkdf2_sha256$216000$i8VCmOwqh2v9$8d2aZH0kBxJoPYTMQPIgWEK0C83ucHg4MklWBl7u0EI=",
      "last_login": null,
      "is_superuser": false,
      "username": "enrmerver@gmail.com",
      "first_name": "",
      "last_name": "",
      "email": "",
      "is_staff": false,
      "is_active": true,
      "date_joined": "2021-04-03T14:49:28.750Z",
      "groups": [],
      "user_permissions": []
    }
  },
  {
    "model": "auth.user",
    "pk": 17,
    "fields": {
      "password": "pbkdf2_sha256$216000$ujxWpgPwbklO$mvAckRglSplMWVjHfatOX7MhSbfTYnfYzwd5zElCNXk=",
      "last_login": null,
      "is_superuser": false,
      "username": "salgarsan@gmail.com",
      "first_name": "",
      "last_name": "",
      "email": "",
      "is_staff": false,
      "is_active": true,
      "date_joined": "2021-04-03T14:53:12.521Z",
      "groups": [],
      "user_permissions": []
    }
  },
  {
    "model": "auth.user",
    "pk": 18,
    "fields": {
      "password": "pbkdf2_sha256$216000$90fgYKlrLFN2$87tb9VPt5ZCf5mt15oH6dPyLPugFZ+kEf+I1EgdbnLw=",
      "last_login": null,
      "is_superuser": false,
      "username": "carmarcas@gmail.com",
      "first_name": "",
      "last_name": "",
      "email": "",
      "is_staff": false,
      "is_active": true,
      "date_joined": "2021-04-03T14:53:36.655Z",
      "groups": [],
      "user_permissions": []
    }
  },
  {
    "model": "auth.user",
    "pk": 19,
    "fields": {
      "password": "pbkdf2_sha256$216000$NKw2H72LAVDa$7GNT3K5B1BcJVzLT4yfo0FwbZ1OG2WCeTCOyBm7EChA=",
      "last_login": null,
      "is_superuser": false,
      "username": "pabjimcam@gmail.com",
      "first_name": "",
      "last_name": "",
      "email": "",
      "is_staff": false,
      "is_active": true,
      "date_joined": "2021-04-03T14:56:23.001Z",
      "groups": [],
      "user_permissions": []
    }
  },
  {
    "model": "auth.user",
    "pk": 20,
    "fields": {
      "password": "pbkdf2_sha256$216000$2omct2BzdbD8$SuMPh81OqruiQ5dXfVHOs+Q5Zj398fddJPjd/eB47ng=",
      "last_login": null,
      "is_superuser": false,
      "username": "jaialodie@gmail.com",
      "first_name": "",
      "last_name": "",
      "email": "",
      "is_staff": false,
      "is_active": true,
      "date_joined": "2021-04-03T14:56:48.271Z",
      "groups": [],
      "user_permissions": []
    }
  },
  {
    "model": "auth.user",
    "pk": 21,
    "fields": {
      "password": "pbkdf2_sha256$216000$fGVigI1x6a1P$UN2bAK5xaNo0RQZU9IVhSCXVj5R+1MMxqifESdrHElQ=",
      "last_login": null,
      "is_superuser": false,
      "username": "andsolcep@gmail.com",
      "first_name": "",
      "last_name": "",
      "email": "",
      "is_staff": false,
      "is_active": true,
      "date_joined": "2021-04-03T14:58:00.311Z",
      "groups": [],
      "user_permissions": []
    }
  },
  {
    "model": "auth.user",
    "pk": 22,
    "fields": {
      "password": "pbkdf2_sha256$216000$OAJBdvNhzOAw$8KmFjqoVu9dDLypCoUCSEDRwMvzSIc40jDXfJDrib1A=",
      "last_login": null,
      "is_superuser": false,
      "username": "alealclag@gmail.com",
      "first_name": "",
      "last_name": "",
      "email": "",
      "is_staff": false,
      "is_active": true,
      "date_joined": "2021-04-03T14:58:23.501Z",
      "groups": [],
      "user_permissions": []
    }
  },
  {
    "model": "auth.user",
    "pk": 23,
    "fields": {
      "password": "pbkdf2_sha256$216000$6DEIPQIR5Gm9$2TMkN24lb5Cl6lU9y5Z+Y79mh6HrkVoZ0b76Ci0R2v4=",
      "last_login": null,
      "is_superuser": false,
      "username": "adragujim@gmail.com",
      "first_name": "",
      "last_name": "",
      "email": "",
      "is_staff": false,
      "is_active": true,
      "date_joined": "2021-04-03T14:58:47.191Z",
      "groups": [],
      "user_permissions": []
    }
  },
  {
    "model": "auth.user",
    "pk": 24,
    "fields": {
      "password": "pbkdf2_sha256$216000$SZNxJhV8Dwd4$UO5gFE4vgOqPJMVxpGUECZFdeXAhLiQSPmIy4HSk+y4=",
      "last_login": null,
      "is_superuser": false,
      "username": "ferapsal@gmail.com",
      "first_name": "",
      "last_name": "",
      "email": "",
      "is_staff": false,
      "is_active": true,
      "date_joined": "2021-04-03T15:36:18.849Z",
      "groups": [],
      "user_permissions": []
    }
  },
  {
    "model": "auth.user",
    "pk": 25,
    "fields": {
      "password": "pbkdf2_sha256$216000$pViPFW4dx23U$2a6ppQkGF1VhmBRHOsmgYrtv80dZZbEfUo9BeIdECQ4=",
      "last_login": null,
      "is_superuser": false,
      "username": "alialvrod@gmail.com",
      "first_name": "",
      "last_name": "",
      "email": "",
      "is_staff": false,
      "is_active": true,
      "date_joined": "2021-04-03T15:36:41.625Z",
      "groups": [],
      "user_permissions": []
    }
  },
  {
    "model": "auth.user",
    "pk": 26,
    "fields": {
      "password": "pbkdf2_sha256$216000$Q63uPxd3T46M$DPMHF9gvbEaiR/Icjt3wbmk0ICwiq6GQtQmu7/ZGpSQ=",
      "last_login": null,
      "is_superuser": false,
      "username": "claorrber@gmail.com",
      "first_name": "",
      "last_name": "",
      "email": "",
      "is_staff": false,
      "is_active": true,
      "date_joined": "2021-04-03T15:37:09.716Z",
      "groups": [],
      "user_permissions": []
    }
  },
  {
    "model": "auth.user",
    "pk": 27,
    "fields": {
      "password": "pbkdf2_sha256$216000$vxzi1DET4J1R$gCIRtt/Ze4C4YLcwPIuZ0ebgUi2Zhepnfhx9TlbUPcU=",
      "last_login": null,
      "is_superuser": false,
      "username": "fermaqcar@gmail.com",
      "first_name": "",
      "last_name": "",
      "email": "",
      "is_staff": false,
      "is_active": true,
      "date_joined": "2021-04-03T15:37:44.537Z",
      "groups": [],
      "user_permissions": []
    }
  },
  {
    "model": "auth.user",
    "pk": 28,
    "fields": {
      "password": "pbkdf2_sha256$216000$dFG7akFhAnct$9RUtre08uwYw010RUj0gLKSmk0E4okKGOli7SAvIE7k=",
      "last_login": null,
      "is_superuser": false,
      "username": "ginarifogcab@gmail.com",
      "first_name": "",
      "last_name": "",
      "email": "",
      "is_staff": false,
      "is_active": true,
      "date_joined": "2021-04-03T15:38:07.147Z",
      "groups": [],
      "user_permissions": []
    }
  },
  {
    "model": "auth.user",
    "pk": 29,
    "fields": {
      "password": "pbkdf2_sha256$216000$6r9VatsGtmlP$2sUNPxjd6oUBbApFYfHUSJPXhg0Cbp4Ty/3AzCk8d1I=",
      "last_login": null,
      "is_superuser": false,
      "username": "josrafferblaz@gmail.com",
      "first_name": "",
      "last_name": "",
      "email": "",
      "is_staff": false,
      "is_active": true,
      "date_joined": "2021-04-03T15:38:32.635Z",
      "groups": [],
      "user_permissions": []
    }
  },
  {
    "model": "auth.user",
    "pk": 30,
    "fields": {
      "password": "pbkdf2_sha256$216000$VDYSXZ9FkqB7$1+U0uhVjaIL5Clcb1HuIoXZkvZC6UoyOl1TvYQtFUgM=",
      "last_login": null,
      "is_superuser": false,
      "username": "patcorost@gmail.com",
      "first_name": "",
      "last_name": "",
      "email": "",
      "is_staff": false,
      "is_active": true,
      "date_joined": "2021-04-03T15:46:53.208Z",
      "groups": [],
      "user_permissions": []
    }
  },
  {
    "model": "auth.user",
    "pk": 31,
    "fields": {
      "password": "pbkdf2_sha256$216000$66xp3G8UePHN$PXtCFxTWTf/QGtTTZ/19CseUpx4TKlqfkwFL632xE1o=",
      "last_login": null,
      "is_superuser": false,
      "username": "mergomyel@gmail.com",
      "first_name": "",
      "last_name": "",
      "email": "",
      "is_staff": false,
      "is_active": true,
      "date_joined": "2021-04-03T15:47:18.979Z",
      "groups": [],
      "user_permissions": []
    }
  },
  {
    "model": "auth.user",
    "pk": 32,
    "fields": {
      "password": "pbkdf2_sha256$216000$k3nS0H2AbCtp$BAKD3qXEx8ryQEOPbZiTaxQEWz9/b+5tHk5Oc71RJ6E=",
      "last_login": null,
      "is_superuser": false,
      "username": "sardelpal@gmail.com",
      "first_name": "",
      "last_name": "",
      "email": "",
      "is_staff": false,
      "is_active": true,
      "date_joined": "2021-04-03T15:47:41.449Z",
      "groups": [],
      "user_permissions": []
    }
  },
  {
    "model": "auth.user",
    "pk": 33,
    "fields": {
      "password": "pbkdf2_sha256$216000$HsT2NZzhQS2c$/1gwxUNYyrWmKk3chHozpLPiMo4XDIDIsgME2fHIqMY=",
      "last_login": null,
      "is_superuser": false,
      "username": "alvpinfue@gmail.com",
      "first_name": "",
      "last_name": "",
      "email": "",
      "is_staff": false,
      "is_active": true,
      "date_joined": "2021-04-03T15:48:07.903Z",
      "groups": [],
      "user_permissions": []
    }
  },
  {
    "model": "auth.user",
    "pk": 34,
    "fields": {
      "password": "pbkdf2_sha256$216000$mhPOZRTqUi8m$9/dwTzqmlv6izaVkkpJ2quSUQ92PbRBwT8MAG+2DTwI=",
      "last_login": null,
      "is_superuser": false,
      "username": "sarruigom@gmail.com",
      "first_name": "",
      "last_name": "",
      "email": "",
      "is_staff": false,
      "is_active": true,
      "date_joined": "2021-04-03T15:48:35.798Z",
      "groups": [],
      "user_permissions": []
    }
  },
  {
    "model": "auth.user",
    "pk": 35,
    "fields": {
      "password": "pbkdf2_sha256$216000$BTTvaBLaY2A2$4TJDvUHrZTAKL+1RZJ5gtHo1xliF/+xxHtBFDQL0vUE=",
      "last_login": null,
      "is_superuser": false,
      "username": "jesgabatecre@gmail.com",
      "first_name": "",
      "last_name": "",
      "email": "",
      "is_staff": false,
      "is_active": true,
      "date_joined": "2021-04-03T15:48:57.241Z",
      "groups": [],
      "user_permissions": []
    }
  },
  {
    "model": "auth.user",
    "pk": 36,
    "fields": {
      "password": "pbkdf2_sha256$216000$5M6qE1nO33i6$SLohZpsLjGUUCkjxTd2ZXsx9VtwBTumgSlSk4JpzLfs=",
      "last_login": null,
      "is_superuser": false,
      "username": "eleruigar@gmail.com",
      "first_name": "",
      "last_name": "",
      "email": "",
      "is_staff": false,
      "is_active": true,
      "date_joined": "2021-04-03T15:49:20.502Z",
      "groups": [],
      "user_permissions": []
    }
  },
  {
    "model": "auth.user",
    "pk": 37,
    "fields": {
      "password": "pbkdf2_sha256$216000$rSZr6W4JgSF9$t0OJe0fB2YCwJNoVMc2vTNp7kERptAbv3aiKl3/gQ8s=",
      "last_login": null,
      "is_superuser": false,
      "username": "yanherher@gmail.com",
      "first_name": "",
      "last_name": "",
      "email": "",
      "is_staff": false,
      "is_active": true,
      "date_joined": "2021-04-03T15:49:44.020Z",
      "groups": [],
      "user_permissions": []
    }
  },
  {
    "model": "auth.user",
    "pk": 38,
    "fields": {
      "password": "pbkdf2_sha256$216000$QYkcv1OX0prC$rFsAg6cOBqkyPm9Vku/vBj9DqDqz16y1r8GN0opYhX8=",
      "last_login": null,
      "is_superuser": false,
      "username": "guimarlla@gmail.com",
      "first_name": "",
      "last_name": "",
      "email": "",
      "is_staff": false,
      "is_active": true,
      "date_joined": "2021-04-03T15:50:06.876Z",
      "groups": [],
      "user_permissions": []
    }
  },
  {
    "model": "auth.user",
    "pk": 39,
    "fields": {
      "password": "pbkdf2_sha256$216000$rUoD07MZrkyF$2mTlvphNGO3yEzbD4cqZc9cfbXCRWh/uztn4HEIbAlo=",
      "last_login": null,
      "is_superuser": false,
      "username": "migmacgar@gmail.com",
      "first_name": "",
      "last_name": "",
      "email": "",
      "is_staff": false,
      "is_active": true,
      "date_joined": "2021-04-03T15:50:33.604Z",
      "groups": [],
      "user_permissions": []
    }
  },
  {
    "model": "auth.user",
    "pk": 40,
    "fields": {
      "password": "pbkdf2_sha256$216000$liivElt1zBpf$RIjzcoXtTkVyYGdkV9x85V2KVXGrrYO73vkhFWqG4Pc=",
      "last_login": null,
      "is_superuser": false,
      "username": "albmarpal@gmail.com",
      "first_name": "",
      "last_name": "",
      "email": "",
      "is_staff": false,
      "is_active": true,
      "date_joined": "2021-04-03T15:51:02.600Z",
      "groups": [],
      "user_permissions": []
    }
  },
  {
    "model": "auth.user",
    "pk": 41,
    "fields": {
      "password": "pbkdf2_sha256$216000$zAo64tg7vGML$U+U1m4HuF5dhReaOB4tbJNwlqQAK23RXs3xcWzmd1x4=",
      "last_login": null,
      "is_superuser": false,
      "username": "nurgarmar@gmail.com",
      "first_name": "",
      "last_name": "",
      "email": "",
      "is_staff": false,
      "is_active": true,
      "date_joined": "2021-04-03T15:51:24.409Z",
      "groups": [],
      "user_permissions": []
    }
  },
  {
    "model": "auth.user",
    "pk": 42,
    "fields": {
      "password": "pbkdf2_sha256$216000$Gx107AEkkO4f$aVARS845WEwaWkOOnzO2/Amkzf2EzW5sLgQJlK0xYiM=",
      "last_login": null,
      "is_superuser": false,
      "username": "artferpuesal@gmail.com",
      "first_name": "",
      "last_name": "",
      "email": "",
      "is_staff": false,
      "is_active": true,
      "date_joined": "2021-04-03T15:51:47.920Z",
      "groups": [],
      "user_permissions": []
    }
  },
  {
    "model": "auth.user",
    "pk": 43,
    "fields": {
      "password": "pbkdf2_sha256$216000$y6uObATlpDf5$RmhYixdCpgYJfeB+PEC7q2IBhehZf28JHJjE487WpJo=",
      "last_login": null,
      "is_superuser": false,
      "username": "isadiamar@gmail.com",
      "first_name": "",
      "last_name": "",
      "email": "",
      "is_staff": false,
      "is_active": true,
      "date_joined": "2021-04-03T15:52:06.171Z",
      "groups": [],
      "user_permissions": []
    }
  },
  {
    "model": "auth.user",
    "pk": 44,
    "fields": {
      "password": "pbkdf2_sha256$216000$48DTRAsrpGwn$PiUGLzggY60h2cxVYqIek7YX2/ryEAYU9kIKP7r8BHg=",
      "last_login": null,
      "is_superuser": false,
      "username": "enrruimor@gmail.com",
      "first_name": "",
      "last_name": "",
      "email": "",
      "is_staff": false,
      "is_active": true,
      "date_joined": "2021-04-03T15:52:27.763Z",
      "groups": [],
      "user_permissions": []
    }
  },
  {
    "model": "auth.user",
    "pk": 45,
    "fields": {
      "password": "pbkdf2_sha256$216000$Jq72BdXsLUXT$pds+bkQ1dnf/CT2fpbO5cTDB4nYQOMUd+gHbxbPoodk=",
      "last_login": null,
      "is_superuser": false,
      "username": "josluiferper@gmail.com",
      "first_name": "",
      "last_name": "",
      "email": "",
      "is_staff": false,
      "is_active": true,
      "date_joined": "2021-04-03T15:58:37.071Z",
      "groups": [],
      "user_permissions": []
    }
  }
]