[
  {
    "model": "establishments.tag",
    "pk": 1,
    "fields": {
      "name": "Dardos",
      "type": "Ocio",
      "photo_url": "https://res.cloudinary.com/dyurjxohb/image/upload/v1/media/tags/1/dardos_qia9fk",
      "image": "media/tags/1/dardos_qia9fk"
    }
  },
  {
    "model": "establishments.tag",
    "pk": 2,
    "fields": {
      "name": "Billar",
      "type": "Ocio",
      "photo_url": "https://res.cloudinary.com/dyurjxohb/image/upload/v1/media/tags/2/billar_v8im3e",
      "image": "media/tags/2/billar_v8im3e"
    }
  },
  {
    "model": "establishments.tag",
    "pk": 3,
    "fields": {
      "name": "Paulaner",
      "type": "Bebida",
      "photo_url": "https://res.cloudinary.com/dyurjxohb/image/upload/v1/media/tags/3/paulaner_aqxahy",
      "image": "media/tags/3/paulaner_aqxahy"
    }
  },
  {
    "model": "establishments.tag",
    "pk": 4,
    "fields": {
      "name": "Cruzcampo",
      "type": "Bebida",
      "photo_url": "https://res.cloudinary.com/dyurjxohb/image/upload/v1/media/tags/4/cruzcampo_d5tjn1",
      "image": "media/tags/4/cruzcampo_d5tjn1"
    }
  },
  {
    "model": "establishments.tag",
    "pk": 5,
    "fields": {
      "name": "Futbolin",
      "type": "Ocio",
      "photo_url": "https://res.cloudinary.com/dyurjxohb/image/upload/v1/media/tags/5/futbolin_kyibca",
      "image": "media/tags/5/futbolin_kyibca"
    }
  },
  {
    "model": "establishments.tag",
    "pk": 7,
    "fields": {
      "name": "Mahou",
      "type": "Bebida",
      "photo_url": "https://res.cloudinary.com/dyurjxohb/image/upload/v1/media/tags/7/mahou_kozisl",
      "image": "media/tags/7/mahou_kozisl"
    }
  },
  {
    "model": "establishments.tag",
    "pk": 8,
    "fields": {
      "name": "San Miguel",
      "type": "Bebida",
      "photo_url": "https://res.cloudinary.com/dyurjxohb/image/upload/v1/media/tags/8/sanmiguel_hwl7ei",
      "image": "media/tags/8/sanmiguel_hwl7ei"
    }
  },
  {
    "model": "establishments.tag",
    "pk": 9,
    "fields": {
      "name": "Heineken",
      "type": "Bebida",
      "photo_url": "https://res.cloudinary.com/dyurjxohb/image/upload/v1/media/tags/9/heineken_dg37da",
      "image": "media/tags/9/heineken_dg37da"
    }
  },
  {
    "model": "establishments.tag",
    "pk": 10,
    "fields": {
      "name": "Voll-Damm",
      "type": "Bebida",
      "photo_url": "https://res.cloudinary.com/dyurjxohb/image/upload/v1/media/tags/10/volldamm_rmpk6v",
      "image": "media/tags/10/volldamm_rmpk6v"
    }
  },
  {
    "model": "establishments.tag",
    "pk": 11,
    "fields": {
      "name": "Estrella Galicia",
      "type": "Bebida",
      "photo_url": "https://res.cloudinary.com/dyurjxohb/image/upload/v1/media/tags/11/estrellaGalicia_yml0eo",
      "image": "media/tags/11/estrellaGalicia_yml0eo"
    }
  },
  {
    "model": "establishments.tag",
    "pk": 12,
    "fields": {
      "name": "Foster",
      "type": "Bebida",
      "photo_url": "https://res.cloudinary.com/dyurjxohb/image/upload/v1/media/tags/12/foster_hbbcza",
      "image": "media/tags/12/foster_hbbcza"
    }
  },
  {
    "model": "establishments.tag",
    "pk": 13,
    "fields": {
      "name": "Pinball",
      "type": "Ocio",
      "photo_url": "https://res.cloudinary.com/dyurjxohb/image/upload/v1/media/tags/13/pinball_wggjbj",
      "image": "media/tags/13/pinball_wggjbj"
    }
  },
  {
    "model": "establishments.tag",
    "pk": 14,
    "fields": {
      "name": "Zona Gaming",
      "type": "Ocio",
      "photo_url": "https://res.cloudinary.com/dyurjxohb/image/upload/v1/media/tags/14/gameZone_gur2lb",
      "image": "media/tags/14/gameZone_gur2lb"
    }
  },
  {
    "model": "establishments.tag",
    "pk": 15,
    "fields": {
      "name": "Arcade",
      "type": "Ocio",
      "photo_url": "https://res.cloudinary.com/dyurjxohb/image/upload/v1/media/tags/15/recreativas_rit11n",
      "image": "media/tags/15/recreativas_rit11n"
    }
  },
  {
    "model": "establishments.tag",
    "pk": 16,
    "fields": {
      "name": "Cafeteria",
      "type": "Estilo",
      "photo_url": "https://res.cloudinary.com/dyurjxohb/image/upload/v1/media/tags/16/cafeteria_ogsxjn",
      "image": "media/tags/16/cafeteria_ogsxjn"
    }
  },
  {
    "model": "establishments.tag",
    "pk": 17,
    "fields": {
      "name": "Gaming",
      "type": "Estilo",
      "photo_url": "https://res.cloudinary.com/dyurjxohb/image/upload/v1/media/tags/17/gaming_dtxor0",
      "image": "media/tags/17/gaming_dtxor0"
    }
  },
  {
    "model": "establishments.tag",
    "pk": 18,
    "fields": {
      "name": "Pub",
      "type": "Estilo",
      "photo_url": "https://res.cloudinary.com/dyurjxohb/image/upload/v1/media/tags/18/pub_iihe7k",
      "image": "media/tags/18/pub_iihe7k"
    }
  },
  {
    "model": "establishments.tag",
    "pk": 19,
    "fields": {
      "name": "Teteria",
      "type": "Estilo",
      "photo_url": "https://res.cloudinary.com/dyurjxohb/image/upload/v1/media/tags/19/teteria_ql1yyn",
      "image": "media/tags/19/teteria_ql1yyn"
    }
  },
  {
    "model": "establishments.tag",
    "pk": 20,
    "fields": {
      "name": "Tradicional",
      "type": "Estilo",
      "photo_url": "https://res.cloudinary.com/dyurjxohb/image/upload/v1/media/tags/20/tradicional_qhtmis",
      "image": "media/tags/20/tradicional_qhtmis"
    }
  },
  {
    "model": "establishments.tag",
    "pk": 21,
    "fields": {
      "name": "Familiar",
      "type": "Ambiente",
      "photo_url": "https://res.cloudinary.com/dyurjxohb/image/upload/v1/media/tags/21/familiar_mc7osj",
      "image": "media/tags/21/familiar_mc7osj"
    }
  },
  {
    "model": "establishments.tag",
    "pk": 22,
    "fields": {
      "name": "Festivo",
      "type": "Ambiente",
      "photo_url": "http://localhost:8000/admin/establishments/tag/22/change/",
      "image": "media/tags/22/festivo_t5tfad"
    }
  },
  {
    "model": "establishments.tag",
    "pk": 23,
    "fields": {
      "name": "Joven",
      "type": "Ambiente",
      "photo_url": "https://res.cloudinary.com/dyurjxohb/image/upload/v1/media/tags/23/joven_sxwxmm",
      "image": "media/tags/23/joven_sxwxmm"
    }
  },
  {
    "model": "establishments.tag",
    "pk": 24,
    "fields": {
      "name": "Senior",
      "type": "Ambiente",
      "photo_url": "https://res.cloudinary.com/dyurjxohb/image/upload/v1/media/tags/24/maduro_h44jbf",
      "image": "media/tags/24/maduro_h44jbf"
    }
  },
  {
    "model": "establishments.tag",
    "pk": 25,
    "fields": {
      "name": "Terraza",
      "type": "Estilo",
      "photo_url": "https://res.cloudinary.com/dyurjxohb/image/upload/v1/media/tags/25/terraza_v2uy9e",
      "image": "media/tags/25/terraza_v2uy9e"
    }
  },
  {
    "model": "establishments.tag",
    "pk": 26,
    "fields": {
      "name": "Cachimba",
      "type": "Ocio",
      "photo_url": "https://res.cloudinary.com/dyurjxohb/image/upload/v1/media/tags/26/cachimba_iezox9",
      "image": "media/tags/26/cachimba_iezox9"
    }
  },
  {
    "model": "establishments.establishment",
    "pk": 1,
    "fields": {
      "name_text": "La teteria | Teteria Andauni",
      "desc_text": null,
      "cif_text": "G56472939",
      "phone_number": 111111111,
      "zone_enum": "Cartuja",
      "verified_bool": true,
      "premium_bool": false,
      "owner": 2,
      "street_text": "Calle Adan y  Eva",
      "number_text": "3",
      "locality_text": "Lebrija",
      "photo_url": "https://res.cloudinary.com/dyurjxohb/image/upload/v1/media/establishments/1/teteriaAndauni_wennga",
      "image": "media/establishments/1/teteriaAndauni_wennga",
      "tags": [
        3,
        4,
        5
      ]
    }
  },
  {
    "model": "establishments.establishment",
    "pk": 2,
    "fields": {
      "name_text": "L'Epoque",
      "desc_text": null,
      "cif_text": "B52820586",
      "phone_number": 222222222,
      "zone_enum": "Exterior",
      "verified_bool": true,
      "premium_bool": false,
      "owner": 3,
      "street_text": "Calle Real",
      "number_text": "7",
      "locality_text": "Castilleja de la Cuesta",
      "photo_url": "https://res.cloudinary.com/dyurjxohb/image/upload/v1/media/establishments/2/lepoque_yrqazl",
      "image": "media/establishments/2/lepoque_yrqazl",
      "tags": [
        3,
        4,
        5
      ]
    }
  },
  {
    "model": "establishments.establishment",
    "pk": 3,
    "fields": {
      "name_text": "Bar El Rinconcillo",
      "desc_text": null,
      "cif_text": "G72047939",
      "phone_number": 333333333,
      "zone_enum": "Exterior",
      "verified_bool": true,
      "premium_bool": false,
      "owner": 4,
      "street_text": "Calle Gerona",
      "number_text": "40",
      "locality_text": "Sevilla",
      "photo_url": "https://res.cloudinary.com/dyurjxohb/image/upload/v1/media/establishments/3/rinconcillo_ot3ame",
      "image": "media/establishments/3/rinconcillo_ot3ame",
      "tags": [
        1,
        2
      ]
    }
  },
  {
    "model": "establishments.establishment",
    "pk": 4,
    "fields": {
      "name_text": "La Reina",
      "desc_text": null,
      "cif_text": "A72083942",
      "phone_number": 444444444,
      "zone_enum": "Cartuja",
      "verified_bool": true,
      "premium_bool": false,
      "owner": 5,
      "street_text": "Avenida de la Reina Mercedes",
      "number_text": "21",
      "locality_text": "Sevilla",
      "photo_url": "https://res.cloudinary.com/dyurjxohb/image/upload/v1/media/establishments/4/laReina_evjgi4",
      "image": "media/establishments/4/laReina_evjgi4",
      "tags": [
        4
      ]
    }
  },
  {
    "model": "establishments.establishment",
    "pk": 5,
    "fields": {
      "name_text": "Gamers Zone",
      "desc_text": null,
      "cif_text": "B52068848",
      "phone_number": 555555555,
      "zone_enum": "Cartuja",
      "verified_bool": true,
      "premium_bool": false,
      "owner": 6,
      "street_text": "Calle Periodista Ramon Resa",
      "number_text": "8",
      "locality_text": "Sevilla",
      "photo_url": "https://res.cloudinary.com/dyurjxohb/image/upload/v1/media/establishments/5/gamersZone_qpouev",
      "image": "media/establishments/5/gamersZone_qpouev",
      "tags": [
        1,
        2,
        3,
        4,
        5
      ]
    }
  },
  {
    "model": "establishments.establishment",
    "pk": 6,
    "fields": {
      "name_text": "El Aljibe",
      "desc_text": null,
      "cif_text": "B10391704",
      "phone_number": 666666666,
      "zone_enum": "Cartuja",
      "verified_bool": true,
      "premium_bool": false,
      "owner": 7,
      "street_text": "C/ Monzon",
      "number_text": "8",
      "locality_text": "Sevilla",
      "photo_url": "https://res.cloudinary.com/dyurjxohb/image/upload/v1/media/establishments/6/elAljibe_vn3asi",
      "image": "media/establishments/6/elAljibe_vn3asi",
      "tags": [
        1,
        3,
        4
      ]
    }
  },
  {
    "model": "establishments.establishment",
    "pk": 7,
    "fields": {
      "name_text": "Combarro",
      "desc_text": null,
      "cif_text": "A41450016",
      "phone_number": 777777777,
      "zone_enum": "Sevilla Este",
      "verified_bool": true,
      "premium_bool": false,
      "owner": 8,
      "street_text": "Avenida de la Reina Mercedes",
      "number_text": "61",
      "locality_text": "Sevilla",
      "photo_url": "https://res.cloudinary.com/dyurjxohb/image/upload/v1/media/establishments/7/combarro_ydsgsi",
      "image": "media/establishments/7/combarro_ydsgsi",
      "tags": [
        3,
        4
      ]
    }
  },
  {
    "model": "establishments.establishment",
    "pk": 8,
    "fields": {
      "name_text": "Bar Guadiana",
      "desc_text": null,
      "cif_text": "C27456615",
      "phone_number": 888888888,
      "zone_enum": "Sevilla Este",
      "verified_bool": true,
      "premium_bool": false,
      "owner": 9,
      "street_text": "Calle Guadiana",
      "number_text": "29",
      "locality_text": "Sevilla",
      "photo_url": "https://res.cloudinary.com/dyurjxohb/image/upload/v1/media/establishments/8/barGuadiana_jgh6lx",
      "image": "media/establishments/8/barGuadiana_jgh6lx",
      "tags": [
        1,
        2,
        3,
        4,
        5
      ]
    }
  },
  {
    "model": "establishments.discount",
    "pk": 1,
    "fields": {
      "name_text": "2 x 1 cerveza",
      "description_text": "2 x 1 en cerveza cruzcampo especial",
      "cost_number": 2.0,
      "totalCodes_number": 50,
      "scannedCodes_number": 8,
      "initial_date": "2021-04-04T16:43:40Z",
      "end_date": "2021-04-07T16:43:49Z",
      "establishment_id": 1,
      "clients_id": [
        1,
        2,
        3,
        4,
        5,
        6,
        7,
        8
      ]
    }
  },
  {
    "model": "establishments.discount",
    "pk": 2,
    "fields": {
      "name_text": "Durum al 50%",
      "description_text": "Tu kebaba favorito a mitad de precio",
      "cost_number": 3.5,
      "totalCodes_number": null,
      "scannedCodes_number": 4,
      "initial_date": "2021-04-04T16:56:04Z",
      "end_date": null,
      "establishment_id": 1,
      "clients_id": [
        2,
        3,
        4,
        5
      ]
    }
  },
  {
    "model": "establishments.discount",
    "pk": 3,
    "fields": {
      "name_text": "2 x 1 cerveza",
      "description_text": "2 x 1 en cerveza cruzcampo de 33 cl",
      "cost_number": 0.6,
      "totalCodes_number": 25,
      "scannedCodes_number": 12,
      "initial_date": "2021-04-10T17:08:50Z",
      "end_date": "2021-04-11T17:08:56Z",
      "establishment_id": 2,
      "clients_id": [
        11,
        12,
        13,
        14,
        15,
        16,
        17,
        18,
        19,
        20,
        21,
        22
      ]
    }
  },
  {
    "model": "establishments.discount",
    "pk": 4,
    "fields": {
      "name_text": "Palomitas con Copas",
      "description_text": "Paga una copa y recibes unas palomitas de regalo",
      "cost_number": 7.0,
      "totalCodes_number": 35,
      "scannedCodes_number": 5,
      "initial_date": "2021-04-10T17:10:49Z",
      "end_date": null,
      "establishment_id": 2,
      "clients_id": [
        27,
        28,
        29,
        30,
        31
      ]
    }
  },
  {
    "model": "establishments.discount",
    "pk": 5,
    "fields": {
      "name_text": "2 x 1 cerveza",
      "description_text": "2 x 1 en cerveza cruzcampo de 33 cl",
      "cost_number": 0.6,
      "totalCodes_number": 100,
      "scannedCodes_number": 5,
      "initial_date": "2021-04-30T17:11:31Z",
      "end_date": "2021-05-03T17:11:37Z",
      "establishment_id": 3,
      "clients_id": [
        23,
        24,
        25,
        26,
        27
      ]
    }
  },
  {
    "model": "establishments.discount",
    "pk": 6,
    "fields": {
      "name_text": "Tapa de croquetas al 50%",
      "description_text": "Consigue una tapa de croquetas por la mitad de precio",
      "cost_number": 2.0,
      "totalCodes_number": 20,
      "scannedCodes_number": 5,
      "initial_date": "2021-04-15T17:12:37Z",
      "end_date": "2021-04-21T17:14:11Z",
      "establishment_id": 3,
      "clients_id": [
        1,
        2,
        3,
        4,
        5
      ]
    }
  },
  {
    "model": "establishments.discount",
    "pk": 7,
    "fields": {
      "name_text": "2 x 1 cerveza",
      "description_text": "2 x 1 en cerveza cruzcampo especial",
      "cost_number": 2.0,
      "totalCodes_number": 65,
      "scannedCodes_number": 9,
      "initial_date": "2021-04-13T17:13:34Z",
      "end_date": null,
      "establishment_id": 4,
      "clients_id": [
        6,
        7,
        8,
        9,
        10,
        11,
        12,
        13,
        14
      ]
    }
  },
  {
    "model": "establishments.discount",
    "pk": 8,
    "fields": {
      "name_text": "2 x 1 cerveza",
      "description_text": "2 x 1 en cerveza cruzcampo de 33 cl",
      "cost_number": 0.6,
      "totalCodes_number": null,
      "scannedCodes_number": 6,
      "initial_date": "2021-04-22T17:17:31Z",
      "end_date": "2021-04-30T17:18:04Z",
      "establishment_id": 5,
      "clients_id": [
        15,
        16,
        17,
        18,
        19,
        20
      ]
    }
  },
  {
    "model": "establishments.discount",
    "pk": 9,
    "fields": {
      "name_text": "5 copas",
      "description_text": "5 copas a 12 euros",
      "cost_number": 12.0,
      "totalCodes_number": 100,
      "scannedCodes_number": 8,
      "initial_date": "2021-04-21T17:18:42Z",
      "end_date": "2021-04-22T17:18:46Z",
      "establishment_id": 5,
      "clients_id": [
        21,
        22,
        23,
        24,
        25,
        26,
        27,
        28
      ]
    }
  },
  {
    "model": "establishments.discount",
    "pk": 10,
    "fields": {
      "name_text": "Cumpleanyos feliz",
      "description_text": "Si es tu cumpleanyos, las copas corren en nuestra cuenta.",
      "cost_number": 0.0,
      "totalCodes_number": null,
      "scannedCodes_number": 7,
      "initial_date": "2021-04-14T17:19:55Z",
      "end_date": null,
      "establishment_id": 5,
      "clients_id": [
        29,
        30,
        31,
        32,
        33,
        34,
        35
      ]
    }
  }
]